Isolate_ID,Genome_Length_BP,GC_Content_Percent,AMR_Gene_Profile,Drug_Resistance_Phenotype
AP035757.1,4784478,50.86,CRP;Escherichia_coli_acrA;Escherichia_coli_ampC;Escherichia_coli_ampC1_beta-lactamase;Escherichia_coli_ampH;Escherichia_coli_mdfA;H-NS;acrB;acrD;acrE;acrF;acrS;bacA;baeR;baeS;cpxA;emrA;emrB;emrK;emrR;emrY;eptA;evgA;evgS;gadW;gadX;kdpE;marA;mdtA;mdtB;mdtC;mdtE;mdtF;mdtG;mdtH;mdtM;mdtN;mdtO;mdtP;mphB;msbA;pmrF;tolC;ugd;yojI,acridine_dye;aminocoumarin;aminoglycoside;benzalkonium_chloride;carbapenem;cephalosporin;cephamycin;fluoroquinolone;fosfomycin;glycylcycline;lincosamide;macrolide;monobactam;nitroimidazole;nucleoside;penam;penem;peptide;phenicol;rhodamine;rifamycin;tetracycline;triclosan
AP039418.1,5098687,50.58,CMY-59;CRP;Escherichia_coli_acrA;Escherichia_coli_ampC;Escherichia_coli_ampC1_beta-lactamase;Escherichia_coli_ampH;Escherichia_coli_emrE;Escherichia_coli_mdfA;H-NS;acrB;acrD;acrE;acrF;acrS;bacA;baeR;baeS;cpxA;emrA;emrB;emrK;emrR;emrY;eptA;evgA;evgS;gadW;gadX;kdpE;marA;mdtA;mdtB;mdtC;mdtE;mdtF;mdtG;mdtH;mdtM;mdtN;mdtO;mdtP;mphB;msbA;pmrF;tolC;ugd;yojI,acridine_dye;aminocoumarin;aminoglycoside;benzalkonium_chloride;carbapenem;cephalosporin;cephamycin;fluoroquinolone;fosfomycin;glycylcycline;lincosamide;macrolide;monobactam;nitroimidazole;nucleoside;penam;penem;peptide;phenicol;rhodamine;rifamycin;tetracycline;triclosan
AP040249.1,4940609,50.74,CRP;CTX-M-14;Escherichia_coli_acrA;Escherichia_coli_ampC;Escherichia_coli_ampC1_beta-lactamase;Escherichia_coli_ampH;Escherichia_coli_mdfA;H-NS;aadA5;acrB;acrD;acrE;acrF;acrS;bacA;baeR;baeS;cpxA;dfrA17;emrA;emrB;emrK;emrR;emrY;eptA;evgA;evgS;gadW;gadX;kdpE;marA;mdtA;mdtB;mdtC;mdtE;mdtF;mdtG;mdtH;mdtM;mdtN;mdtO;mdtP;mphA;mphB;msbA;pmrF;sul1;tet(B);tolC;ugd;yojI,acridine_dye;aminocoumarin;aminoglycoside;benzalkonium_chloride;carbapenem;cephalosporin;cephamycin;diaminopyrimidine;fluoroquinolone;fosfomycin;glycylcycline;lincosamide;macrolide;monobactam;nitroimidazole;nucleoside;penam;penem;peptide;phenicol;rhodamine;rifamycin;sulfonamide;tetracycline;triclosan
AP042483.1,5300047,50.74,APH(3'')-Ib;APH(3')-Ia;APH(6)-Id;CRP;Escherichia_coli_acrA;Escherichia_coli_ampC;Escherichia_coli_ampC1_beta-lactamase;Escherichia_coli_ampH;Escherichia_coli_emrE;Escherichia_coli_mdfA;H-NS;acrB;acrD;acrE;acrF;acrS;bacA;baeR;baeS;cpxA;emrA;emrB;emrK;emrR;emrY;eptA;evgA;evgS;gadW;gadX;kdpE;marA;mdtA;mdtB;mdtC;mdtE;mdtF;mdtG;mdtH;mdtM;mdtN;mdtO;mdtP;mphB;msbA;pmrF;sul2;tet(B);tolC;ugd;yojI,acridine_dye;aminocoumarin;aminoglycoside;benzalkonium_chloride;carbapenem;cephalosporin;cephamycin;fluoroquinolone;fosfomycin;glycylcycline;lincosamide;macrolide;monobactam;nitroimidazole;nucleoside;penam;penem;peptide;phenicol;rhodamine;rifamycin;sulfonamide;tetracycline;triclosan
AP042532.1,5451560,50.52,CRP;Escherichia_coli_acrA;Escherichia_coli_ampC;Escherichia_coli_ampC1_beta-lactamase;Escherichia_coli_ampH;Escherichia_coli_emrE;Escherichia_coli_mdfA;H-NS;acrB;acrD;acrE;acrF;acrS;bacA;baeR;baeS;cpxA;emrA;emrB;emrK;emrR;emrY;eptA;evgA;evgS;gadW;gadX;kdpE;marA;mdtA;mdtB;mdtC;mdtE;mdtF;mdtG;mdtH;mdtM;mdtN;mdtO;mdtP;mphB;msbA;pmrF;tolC;ugd;yojI,acridine_dye;aminocoumarin;aminoglycoside;benzalkonium_chloride;carbapenem;cephalosporin;cephamycin;fluoroquinolone;fosfomycin;glycylcycline;lincosamide;macrolide;monobactam;nitroimidazole;nucleoside;penam;penem;peptide;phenicol;rhodamine;rifamycin;tetracycline;triclosan
AP042561.1,5494199,50.54,CRP;Escherichia_coli_acrA;Escherichia_coli_ampC;Escherichia_coli_ampC1_beta-lactamase;Escherichia_coli_ampH;Escherichia_coli_emrE;Escherichia_coli_mdfA;H-NS;acrB;acrD;acrE;acrF;acrS;bacA;baeR;baeS;cpxA;emrA;emrB;emrK;emrR;emrY;eptA;evgA;evgS;gadW;gadX;kdpE;marA;mdtA;mdtB;mdtC;mdtE;mdtF;mdtG;mdtH;mdtM;mdtN;mdtO;mdtP;mphB;msbA;pmrF;tolC;ugd;yojI,acridine_dye;aminocoumarin;aminoglycoside;benzalkonium_chloride;carbapenem;cephalosporin;cephamycin;fluoroquinolone;fosfomycin;glycylcycline;lincosamide;macrolide;monobactam;nitroimidazole;nucleoside;penam;penem;peptide;phenicol;rhodamine;rifamycin;tetracycline;triclosan
AP042564.1,4971397,50.89,CRP;Escherichia_coli_acrA;Escherichia_coli_ampC;Escherichia_coli_ampC1_beta-lactamase;Escherichia_coli_ampH;Escherichia_coli_emrE;Escherichia_coli_mdfA;H-NS;acrB;acrD;acrE;acrF;acrS;bacA;baeR;baeS;cpxA;emrA;emrB;emrK;emrR;emrY;eptA;evgA;evgS;gadW;gadX;kdpE;marA;mdtA;mdtB;mdtC;mdtE;mdtF;mdtG;mdtH;mdtM;mdtN;mdtO;mdtP;mphB;msbA;pmrF;tolC;ugd;yojI,acridine_dye;aminocoumarin;aminoglycoside;benzalkonium_chloride;carbapenem;cephalosporin;cephamycin;fluoroquinolone;fosfomycin;glycylcycline;lincosamide;macrolide;monobactam;nitroimidazole;nucleoside;penam;penem;peptide;phenicol;rhodamine;rifamycin;tetracycline;triclosan
AP042570.1,5026011,50.75,CRP;Escherichia_coli_acrA;Escherichia_coli_ampC;Escherichia_coli_ampC1_beta-lactamase;Escherichia_coli_ampH;Escherichia_coli_emrE;Escherichia_coli_mdfA;H-NS;acrB;acrD;acrE;acrF;acrS;bacA;baeR;baeS;cpxA;emrA;emrB;emrK;emrR;emrY;eptA;evgA;evgS;gadW;gadX;kdpE;marA;mdtA;mdtB;mdtC;mdtE;mdtF;mdtG;mdtH;mdtM;mdtN;mdtO;mdtP;mphB;msbA;pmrF;tolC;ugd;yojI,acridine_dye;aminocoumarin;aminoglycoside;benzalkonium_chloride;carbapenem;cephalosporin;cephamycin;fluoroquinolone;fosfomycin;glycylcycline;lincosamide;macrolide;monobactam;nitroimidazole;nucleoside;penam;penem;peptide;phenicol;rhodamine;rifamycin;tetracycline;triclosan
AP042591.1,5473218,50.56,CRP;Escherichia_coli_acrA;Escherichia_coli_ampC;Escherichia_coli_ampC1_beta-lactamase;Escherichia_coli_ampH;Escherichia_coli_emrE;Escherichia_coli_mdfA;H-NS;acrB;acrD;acrE;acrF;acrS;bacA;baeR;baeS;cpxA;emrA;emrB;emrK;emrR;emrY;eptA;evgA;evgS;gadW;gadX;kdpE;marA;mdtA;mdtB;mdtC;mdtE;mdtF;mdtG;mdtH;mdtM;mdtN;mdtO;mdtP;mphB;msbA;pmrF;tolC;ugd;yojI,acridine_dye;aminocoumarin;aminoglycoside;benzalkonium_chloride;carbapenem;cephalosporin;cephamycin;fluoroquinolone;fosfomycin;glycylcycline;lincosamide;macrolide;monobactam;nitroimidazole;nucleoside;penam;penem;peptide;phenicol;rhodamine;rifamycin;tetracycline;triclosan
AP042594.1,5283251,50.6,CRP;Escherichia_coli_acrA;Escherichia_coli_ampC;Escherichia_coli_ampC1_beta-lactamase;Escherichia_coli_ampH;Escherichia_coli_emrE;Escherichia_coli_mdfA;H-NS;acrB;acrD;acrE;acrS;bacA;baeR;baeS;cpxA;emrA;emrB;emrK;emrR;emrY;eptA;evgA;evgS;gadW;gadX;kdpE;marA;mdtA;mdtB;mdtC;mdtE;mdtF;mdtG;mdtH;mdtM;mdtN;mdtO;mdtP;mphB;msbA;pmrF;tolC;ugd;yojI,acridine_dye;aminocoumarin;aminoglycoside;benzalkonium_chloride;carbapenem;cephalosporin;cephamycin;fluoroquinolone;fosfomycin;glycylcycline;lincosamide;macrolide;monobactam;nitroimidazole;nucleoside;penam;penem;peptide;phenicol;rhodamine;rifamycin;tetracycline;triclosan
AP042598.1,5299229,50.67,APH(3'')-Ib;APH(6)-Id;CRP;Escherichia_coli_acrA;Escherichia_coli_ampC;Escherichia_coli_ampC1_beta-lactamase;Escherichia_coli_ampH;Escherichia_coli_emrE;Escherichia_coli_mdfA;H-NS;acrB;acrD;acrE;acrF;acrS;bacA;baeR;baeS;cpxA;emrA;emrB;emrK;emrR;emrY;eptA;evgA;evgS;floR;gadW;gadX;kdpE;marA;mdtA;mdtB;mdtC;mdtE;mdtF;mdtG;mdtH;mdtM;mdtN;mdtO;mdtP;mphB;msbA;pmrF;sul2;tet(A);tolC;yojI,acridine_dye;aminocoumarin;aminoglycoside;benzalkonium_chloride;carbapenem;cephalosporin;cephamycin;fluoroquinolone;fosfomycin;glycylcycline;lincosamide;macrolide;monobactam;nitroimidazole;nucleoside;penam;penem;peptide;phenicol;rhodamine;rifamycin;sulfonamide;tetracycline;triclosan
AP042616.1,5300431,50.67,APH(3'')-Ib;APH(6)-Id;CRP;Escherichia_coli_acrA;Escherichia_coli_ampC;Escherichia_coli_ampC1_beta-lactamase;Escherichia_coli_ampH;Escherichia_coli_emrE;Escherichia_coli_mdfA;H-NS;acrB;acrD;acrE;acrF;acrS;bacA;baeR;baeS;cpxA;emrA;emrB;emrK;emrR;emrY;eptA;evgA;evgS;floR;gadW;gadX;kdpE;marA;mdtA;mdtB;mdtC;mdtE;mdtF;mdtG;mdtH;mdtM;mdtN;mdtO;mdtP;mphB;msbA;pmrF;sul2;tet(A);tolC;yojI,acridine_dye;aminocoumarin;aminoglycoside;benzalkonium_chloride;carbapenem;cephalosporin;cephamycin;fluoroquinolone;fosfomycin;glycylcycline;lincosamide;macrolide;monobactam;nitroimidazole;nucleoside;penam;penem;peptide;phenicol;rhodamine;rifamycin;sulfonamide;tetracycline;triclosan
AP042623.1,5299253,50.67,APH(3'')-Ib;APH(6)-Id;CRP;Escherichia_coli_acrA;Escherichia_coli_ampC;Escherichia_coli_ampC1_beta-lactamase;Escherichia_coli_ampH;Escherichia_coli_emrE;Escherichia_coli_mdfA;H-NS;acrB;acrD;acrE;acrF;acrS;bacA;baeR;baeS;cpxA;emrA;emrB;emrK;emrR;emrY;eptA;evgA;evgS;floR;gadW;gadX;kdpE;marA;mdtA;mdtB;mdtC;mdtE;mdtF;mdtG;mdtH;mdtM;mdtN;mdtO;mdtP;mphB;msbA;pmrF;sul2;tet(A);tolC;yojI,acridine_dye;aminocoumarin;aminoglycoside;benzalkonium_chloride;carbapenem;cephalosporin;cephamycin;fluoroquinolone;fosfomycin;glycylcycline;lincosamide;macrolide;monobactam;nitroimidazole;nucleoside;penam;penem;peptide;phenicol;rhodamine;rifamycin;sulfonamide;tetracycline;triclosan
AP042630.1,5300435,50.67,APH(3'')-Ib;APH(6)-Id;CRP;Escherichia_coli_acrA;Escherichia_coli_ampC;Escherichia_coli_ampC1_beta-lactamase;Escherichia_coli_ampH;Escherichia_coli_emrE;Escherichia_coli_mdfA;H-NS;acrB;acrD;acrE;acrF;acrS;bacA;baeR;baeS;cpxA;emrA;emrB;emrK;emrR;emrY;eptA;evgA;evgS;floR;gadW;gadX;kdpE;marA;mdtA;mdtB;mdtC;mdtE;mdtF;mdtG;mdtH;mdtM;mdtN;mdtO;mdtP;mphB;msbA;pmrF;sul2;tet(A);tolC;yojI,acridine_dye;aminocoumarin;aminoglycoside;benzalkonium_chloride;carbapenem;cephalosporin;cephamycin;fluoroquinolone;fosfomycin;glycylcycline;lincosamide;macrolide;monobactam;nitroimidazole;nucleoside;penam;penem;peptide;phenicol;rhodamine;rifamycin;sulfonamide;tetracycline;triclosan
AP042637.1,5300368,50.67,APH(3'')-Ib;APH(6)-Id;CRP;Escherichia_coli_acrA;Escherichia_coli_ampC;Escherichia_coli_ampC1_beta-lactamase;Escherichia_coli_ampH;Escherichia_coli_emrE;Escherichia_coli_mdfA;H-NS;acrB;acrD;acrE;acrF;acrS;bacA;baeR;baeS;cpxA;emrA;emrB;emrK;emrR;emrY;eptA;evgA;evgS;floR;gadW;gadX;kdpE;marA;mdtA;mdtB;mdtC;mdtE;mdtF;mdtG;mdtH;mdtM;mdtN;mdtO;mdtP;mphB;msbA;pmrF;sul2;tet(A);tolC;yojI,acridine_dye;aminocoumarin;aminoglycoside;benzalkonium_chloride;carbapenem;cephalosporin;cephamycin;fluoroquinolone;fosfomycin;glycylcycline;lincosamide;macrolide;monobactam;nitroimidazole;nucleoside;penam;penem;peptide;phenicol;rhodamine;rifamycin;sulfonamide;tetracycline;triclosan
AP042652.1,5300443,50.67,APH(3'')-Ib;APH(6)-Id;CRP;Escherichia_coli_acrA;Escherichia_coli_ampC;Escherichia_coli_ampC1_beta-lactamase;Escherichia_coli_ampH;Escherichia_coli_emrE;Escherichia_coli_mdfA;H-NS;acrB;acrD;acrE;acrF;acrS;bacA;baeR;baeS;cpxA;emrA;emrB;emrK;emrR;emrY;eptA;evgA;evgS;floR;gadW;gadX;kdpE;marA;mdtA;mdtB;mdtC;mdtE;mdtF;mdtG;mdtH;mdtM;mdtN;mdtO;mdtP;mphB;msbA;pmrF;sul2;tet(A);tolC;yojI,acridine_dye;aminocoumarin;aminoglycoside;benzalkonium_chloride;carbapenem;cephalosporin;cephamycin;fluoroquinolone;fosfomycin;glycylcycline;lincosamide;macrolide;monobactam;nitroimidazole;nucleoside;penam;penem;peptide;phenicol;rhodamine;rifamycin;sulfonamide;tetracycline;triclosan
AP042659.1,5300438,50.67,APH(3'')-Ib;APH(6)-Id;CRP;Escherichia_coli_acrA;Escherichia_coli_ampC;Escherichia_coli_ampC1_beta-lactamase;Escherichia_coli_ampH;Escherichia_coli_emrE;Escherichia_coli_mdfA;H-NS;acrB;acrD;acrE;acrF;acrS;bacA;baeR;baeS;cpxA;emrA;emrB;emrK;emrR;emrY;eptA;evgA;evgS;floR;gadW;gadX;kdpE;marA;mdtA;mdtB;mdtC;mdtE;mdtF;mdtG;mdtH;mdtM;mdtN;mdtO;mdtP;mphB;msbA;pmrF;sul2;tet(A);tolC;yojI,acridine_dye;aminocoumarin;aminoglycoside;benzalkonium_chloride;carbapenem;cephalosporin;cephamycin;fluoroquinolone;fosfomycin;glycylcycline;lincosamide;macrolide;monobactam;nitroimidazole;nucleoside;penam;penem;peptide;phenicol;rhodamine;rifamycin;sulfonamide;tetracycline;triclosan
AP042666.1,5300399,50.67,APH(3'')-Ib;APH(6)-Id;CRP;Escherichia_coli_acrA;Escherichia_coli_ampC;Escherichia_coli_ampC1_beta-lactamase;Escherichia_coli_ampH;Escherichia_coli_emrE;Escherichia_coli_mdfA;H-NS;acrB;acrD;acrE;acrF;acrS;bacA;baeR;baeS;cpxA;emrA;emrB;emrK;emrR;emrY;eptA;evgA;evgS;floR;gadW;gadX;kdpE;marA;mdtA;mdtB;mdtC;mdtE;mdtF;mdtG;mdtH;mdtM;mdtN;mdtO;mdtP;mphB;msbA;pmrF;sul2;tet(A);tolC;yojI,acridine_dye;aminocoumarin;aminoglycoside;benzalkonium_chloride;carbapenem;cephalosporin;cephamycin;fluoroquinolone;fosfomycin;glycylcycline;lincosamide;macrolide;monobactam;nitroimidazole;nucleoside;penam;penem;peptide;phenicol;rhodamine;rifamycin;sulfonamide;tetracycline;triclosan
AP042695.1,5282311,50.69,CRP;Escherichia_coli_acrA;Escherichia_coli_ampC;Escherichia_coli_ampC1_beta-lactamase;Escherichia_coli_ampH;Escherichia_coli_emrE;Escherichia_coli_mdfA;H-NS;acrB;acrD;acrE;acrF;acrS;bacA;baeR;baeS;cpxA;emrA;emrB;emrK;emrR;emrY;eptA;evgA;evgS;gadW;gadX;kdpE;marA;mdtA;mdtB;mdtC;mdtE;mdtF;mdtG;mdtH;mdtM;mdtN;mdtO;mdtP;mphB;msbA;pmrF;tolC;ugd;yojI,acridine_dye;aminocoumarin;aminoglycoside;benzalkonium_chloride;carbapenem;cephalosporin;cephamycin;fluoroquinolone;fosfomycin;glycylcycline;lincosamide;macrolide;monobactam;nitroimidazole;nucleoside;penam;penem;peptide;phenicol;rhodamine;rifamycin;tetracycline;triclosan
AP042706.1,5516786,50.8,CRP;Escherichia_coli_acrA;Escherichia_coli_ampC;Escherichia_coli_ampC1_beta-lactamase;Escherichia_coli_ampH;Escherichia_coli_mdfA;H-NS;acrB;acrD;acrE;acrF;acrS;bacA;baeR;baeS;cpxA;emrA;emrB;emrK;emrR;emrY;eptA;evgA;evgS;gadW;gadX;kdpE;marA;mdtA;mdtB;mdtC;mdtE;mdtF;mdtG;mdtH;mdtM;mdtN;mdtO;mdtP;mphB;msbA;pmrF;tolC;ugd;yojI,acridine_dye;aminocoumarin;aminoglycoside;benzalkonium_chloride;carbapenem;cephalosporin;cephamycin;fluoroquinolone;fosfomycin;glycylcycline;lincosamide;macrolide;monobactam;nitroimidazole;nucleoside;penam;penem;peptide;phenicol;rhodamine;rifamycin;tetracycline;triclosan
CP107553.1,4688502,50.79,APH(3')-Ia;CRP;Escherichia_coli_acrA;Escherichia_coli_ampC;Escherichia_coli_ampC1_beta-lactamase;Escherichia_coli_ampH;Escherichia_coli_emrE;Escherichia_coli_mdfA;H-NS;KPC-1;acrB;acrD;acrE;acrF;acrS;bacA;baeR;baeS;cpxA;emrA;emrB;emrK;emrR;emrY;eptA;evgA;evgS;gadW;gadX;kdpE;marA;mdtA;mdtB;mdtC;mdtE;mdtF;mdtG;mdtH;mdtM;mdtN;mdtO;mdtP;mphB;msbA;pmrF;tolC;ugd;yojI,acridine_dye;aminocoumarin;aminoglycoside;benzalkonium_chloride;carbapenem;cephalosporin;cephamycin;fluoroquinolone;fosfomycin;glycylcycline;lincosamide;macrolide;monobactam;nitroimidazole;nucleoside;penam;penem;peptide;phenicol;rhodamine;rifamycin;tetracycline;triclosan
CP159453.1,5007645,50.64,CRP;CTX-M-15;Escherichia_coli_acrA;Escherichia_coli_ampC;Escherichia_coli_ampC1_beta-lactamase;Escherichia_coli_ampH;Escherichia_coli_mdfA;H-NS;QnrS1;acrB;acrD;acrE;acrF;acrS;bacA;baeR;baeS;cpxA;emrA;emrB;emrK;emrR;emrY;eptA;evgA;evgS;gadW;gadX;kdpE;marA;mdtA;mdtB;mdtC;mdtE;mdtF;mdtG;mdtH;mdtM;mdtN;mdtO;mdtP;mphB;msbA;pmrF;tolC;ugd;yojI,acridine_dye;aminocoumarin;aminoglycoside;benzalkonium_chloride;carbapenem;cephalosporin;cephamycin;fluoroquinolone;fosfomycin;glycylcycline;lincosamide;macrolide;monobactam;nitroimidazole;nucleoside;penam;penem;peptide;phenicol;rhodamine;rifamycin;tetracycline;triclosan
CP159455.1,4785362,50.83,CRP;CTX-M-15;Escherichia_coli_acrA;Escherichia_coli_ampC;Escherichia_coli_ampC1_beta-lactamase;Escherichia_coli_ampH;Escherichia_coli_mdfA;H-NS;QnrS1;acrB;acrD;acrE;acrF;acrS;bacA;baeR;baeS;cpxA;emrA;emrB;emrK;emrR;emrY;eptA;evgA;evgS;gadW;gadX;kdpE;marA;mdtA;mdtB;mdtC;mdtE;mdtF;mdtG;mdtH;mdtM;mdtN;mdtO;mdtP;mphB;msbA;pmrF;tolC;ugd;yojI,acridine_dye;aminocoumarin;aminoglycoside;benzalkonium_chloride;carbapenem;cephalosporin;cephamycin;fluoroquinolone;fosfomycin;glycylcycline;lincosamide;macrolide;monobactam;nitroimidazole;nucleoside;penam;penem;peptide;phenicol;rhodamine;rifamycin;tetracycline;triclosan
CP159462.1,5101678,50.68,CRP;Escherichia_coli_acrA;Escherichia_coli_ampC;Escherichia_coli_ampH;Escherichia_coli_emrE;Escherichia_coli_mdfA;H-NS;MCR-1;acrB;acrD;acrE;acrF;acrS;bacA;baeR;baeS;cpxA;emrA;emrB;emrK;emrR;emrY;eptA;evgA;evgS;gadW;gadX;kdpE;marA;mdtA;mdtB;mdtC;mdtE;mdtF;mdtG;mdtH;mdtN;mdtO;mdtP;msbA;pmrF;tolC;ugd;yojI,acridine_dye;aminocoumarin;aminoglycoside;benzalkonium_chloride;carbapenem;cephalosporin;cephamycin;fluoroquinolone;fosfomycin;glycylcycline;macrolide;monobactam;nitroimidazole;nucleoside;penam;penem;peptide;phenicol;rhodamine;rifamycin;tetracycline;triclosan
CP183993.1,5234804,50.73,CRP;CTX-M-15;Escherichia_coli_acrA;Escherichia_coli_ampC;Escherichia_coli_ampH;Escherichia_coli_emrE;Escherichia_coli_mdfA;H-NS;acrB;acrD;acrE;acrF;acrS;bacA;baeR;baeS;cpxA;emrA;emrB;emrK;emrR;emrY;eptA;evgA;evgS;gadW;gadX;kdpE;marA;mdtA;mdtB;mdtC;mdtE;mdtF;mdtG;mdtH;mdtM;mdtN;mdtO;mdtP;msbA;pmrF;tolC;ugd;yojI,acridine_dye;aminocoumarin;aminoglycoside;benzalkonium_chloride;carbapenem;cephalosporin;cephamycin;fluoroquinolone;fosfomycin;glycylcycline;lincosamide;macrolide;monobactam;nitroimidazole;nucleoside;penam;penem;peptide;phenicol;rhodamine;rifamycin;tetracycline;triclosan
CP183996.1,4897395,50.83,CRP;Escherichia_coli_acrA;Escherichia_coli_ampC;Escherichia_coli_ampH;Escherichia_coli_emrE;H-NS;acrB;acrD;acrE;acrF;acrS;bacA;baeR;baeS;cpxA;emrA;emrB;emrK;emrR;emrY;eptA;evgA;evgS;gadW;gadX;kdpE;marA;mdtA;mdtB;mdtC;mdtE;mdtF;mdtG;mdtH;mdtM;mdtN;mdtO;mdtP;msbA;pmrF;tolC;ugd;yojI,acridine_dye;aminocoumarin;aminoglycoside;carbapenem;cephalosporin;cephamycin;fluoroquinolone;fosfomycin;glycylcycline;lincosamide;macrolide;monobactam;nitroimidazole;nucleoside;penam;penem;peptide;phenicol;rifamycin;tetracycline;triclosan
CP184002.1,4982291,50.73,CRP;Escherichia_coli_acrA;Escherichia_coli_ampC;Escherichia_coli_ampH;Escherichia_coli_emrE;Escherichia_coli_mdfA;H-NS;acrB;acrD;acrE;acrF;acrS;bacA;baeR;baeS;cpxA;emrA;emrB;emrK;emrR;emrY;eptA;evgA;evgS;gadW;gadX;kdpE;marA;mdtA;mdtB;mdtC;mdtE;mdtF;mdtG;mdtH;mdtM;mdtN;mdtO;mdtP;msbA;pmrF;tolC;ugd;yojI,acridine_dye;aminocoumarin;aminoglycoside;benzalkonium_chloride;carbapenem;cephalosporin;cephamycin;fluoroquinolone;fosfomycin;glycylcycline;lincosamide;macrolide;monobactam;nitroimidazole;nucleoside;penam;penem;peptide;phenicol;rhodamine;rifamycin;tetracycline;triclosan
CP184007.1,5057002,50.8,CRP;Escherichia_coli_acrA;Escherichia_coli_ampC;Escherichia_coli_ampH;Escherichia_coli_emrE;Escherichia_coli_mdfA;H-NS;acrB;acrD;acrE;acrF;acrS;bacA;baeR;baeS;cpxA;emrA;emrB;emrK;emrR;emrY;eptA;evgA;evgS;gadW;gadX;kdpE;marA;mdtA;mdtB;mdtC;mdtE;mdtF;mdtG;mdtH;mdtM;mdtN;mdtO;mdtP;msbA;pmrF;tolC;ugd;yojI,acridine_dye;aminocoumarin;aminoglycoside;benzalkonium_chloride;carbapenem;cephalosporin;cephamycin;fluoroquinolone;fosfomycin;glycylcycline;lincosamide;macrolide;monobactam;nitroimidazole;nucleoside;penam;penem;peptide;phenicol;rhodamine;rifamycin;tetracycline;triclosan
CP184016.1,4815805,50.72,CRP;Escherichia_coli_acrA;Escherichia_coli_ampC;Escherichia_coli_ampH;Escherichia_coli_emrE;Escherichia_coli_mdfA;H-NS;acrB;acrD;acrE;acrF;acrS;bacA;baeR;baeS;cpxA;emrA;emrB;emrK;emrR;emrY;eptA;evgA;evgS;gadW;gadX;kdpE;marA;mdtA;mdtB;mdtC;mdtE;mdtF;mdtG;mdtH;mdtM;mdtN;mdtO;mdtP;msbA;pmrF;tolC;ugd;yojI,acridine_dye;aminocoumarin;aminoglycoside;benzalkonium_chloride;carbapenem;cephalosporin;cephamycin;fluoroquinolone;fosfomycin;glycylcycline;lincosamide;macrolide;monobactam;nitroimidazole;nucleoside;penam;penem;peptide;phenicol;rhodamine;rifamycin;tetracycline;triclosan
CP184019.1,4992020,50.75,CRP;Escherichia_coli_acrA;Escherichia_coli_ampC;Escherichia_coli_ampH;Escherichia_coli_emrE;Escherichia_coli_mdfA;H-NS;acrB;acrD;acrE;acrF;acrS;bacA;baeR;baeS;cpxA;emrA;emrB;emrK;emrR;emrY;eptA;evgA;evgS;gadW;gadX;kdpE;marA;mdtA;mdtB;mdtC;mdtE;mdtF;mdtG;mdtH;mdtM;mdtN;mdtO;mdtP;msbA;pmrF;tolC;ugd;yojI,acridine_dye;aminocoumarin;aminoglycoside;benzalkonium_chloride;carbapenem;cephalosporin;cephamycin;fluoroquinolone;fosfomycin;glycylcycline;lincosamide;macrolide;monobactam;nitroimidazole;nucleoside;penam;penem;peptide;phenicol;rhodamine;rifamycin;tetracycline;triclosan
CP184025.1,5230117,50.77,CRP;Escherichia_coli_acrA;Escherichia_coli_ampC;Escherichia_coli_ampH;Escherichia_coli_emrE;Escherichia_coli_mdfA;H-NS;acrB;acrD;acrE;acrF;acrS;bacA;baeR;baeS;cpxA;emrA;emrB;emrK;emrR;emrY;eptA;evgA;evgS;gadW;gadX;kdpE;marA;mdtA;mdtB;mdtC;mdtE;mdtF;mdtG;mdtH;mdtM;mdtN;mdtO;mdtP;msbA;pmrF;tolC;ugd;yojI,acridine_dye;aminocoumarin;aminoglycoside;benzalkonium_chloride;carbapenem;cephalosporin;cephamycin;fluoroquinolone;fosfomycin;glycylcycline;lincosamide;macrolide;monobactam;nitroimidazole;nucleoside;penam;penem;peptide;phenicol;rhodamine;rifamycin;tetracycline;triclosan
CP184030.1,5229364,50.77,CRP;Escherichia_coli_acrA;Escherichia_coli_ampC;Escherichia_coli_ampH;Escherichia_coli_emrE;Escherichia_coli_mdfA;H-NS;acrB;acrD;acrE;acrF;acrS;bacA;baeR;baeS;cpxA;emrA;emrB;emrK;emrR;emrY;eptA;evgA;evgS;gadW;gadX;kdpE;marA;mdtA;mdtB;mdtC;mdtE;mdtF;mdtG;mdtH;mdtM;mdtN;mdtO;mdtP;msbA;pmrF;tolC;ugd;yojI,acridine_dye;aminocoumarin;aminoglycoside;benzalkonium_chloride;carbapenem;cephalosporin;cephamycin;fluoroquinolone;fosfomycin;glycylcycline;lincosamide;macrolide;monobactam;nitroimidazole;nucleoside;penam;penem;peptide;phenicol;rhodamine;rifamycin;tetracycline;triclosan
CP184035.1,5229354,50.77,CRP;Escherichia_coli_acrA;Escherichia_coli_ampC;Escherichia_coli_ampH;Escherichia_coli_emrE;Escherichia_coli_mdfA;H-NS;acrB;acrD;acrE;acrF;acrS;bacA;baeR;baeS;cpxA;emrA;emrB;emrK;emrR;emrY;eptA;evgA;evgS;gadW;gadX;kdpE;marA;mdtA;mdtB;mdtC;mdtE;mdtF;mdtG;mdtH;mdtM;mdtN;mdtO;mdtP;msbA;pmrF;tolC;ugd;yojI,acridine_dye;aminocoumarin;aminoglycoside;benzalkonium_chloride;carbapenem;cephalosporin;cephamycin;fluoroquinolone;fosfomycin;glycylcycline;lincosamide;macrolide;monobactam;nitroimidazole;nucleoside;penam;penem;peptide;phenicol;rhodamine;rifamycin;tetracycline;triclosan
CP184040.1,5229379,50.77,CRP;Escherichia_coli_acrA;Escherichia_coli_ampC;Escherichia_coli_ampH;Escherichia_coli_emrE;Escherichia_coli_mdfA;H-NS;acrB;acrD;acrE;acrF;acrS;bacA;baeR;baeS;cpxA;emrA;emrB;emrK;emrR;emrY;eptA;evgA;evgS;gadW;gadX;kdpE;marA;mdtA;mdtB;mdtC;mdtE;mdtF;mdtG;mdtH;mdtM;mdtN;mdtO;mdtP;msbA;pmrF;tolC;ugd;yojI,acridine_dye;aminocoumarin;aminoglycoside;benzalkonium_chloride;carbapenem;cephalosporin;cephamycin;fluoroquinolone;fosfomycin;glycylcycline;lincosamide;macrolide;monobactam;nitroimidazole;nucleoside;penam;penem;peptide;phenicol;rhodamine;rifamycin;tetracycline;triclosan
CP184045.1,4949303,50.78,CRP;Escherichia_coli_acrA;Escherichia_coli_ampC;Escherichia_coli_ampH;Escherichia_coli_emrE;Escherichia_coli_mdfA;H-NS;acrB;acrD;acrE;acrF;acrS;bacA;baeR;baeS;cpxA;emrA;emrB;emrK;emrR;emrY;evgA;evgS;gadW;gadX;kdpE;marA;mdtA;mdtB;mdtC;mdtE;mdtF;mdtG;mdtH;mdtM;mdtN;mdtO;mdtP;msbA;pmrF;tolC;ugd;yojI,acridine_dye;aminocoumarin;aminoglycoside;benzalkonium_chloride;carbapenem;cephalosporin;cephamycin;fluoroquinolone;fosfomycin;glycylcycline;lincosamide;macrolide;monobactam;nitroimidazole;nucleoside;penam;penem;peptide;phenicol;rhodamine;rifamycin;tetracycline;triclosan
CP184048.1,5243667,50.7,CRP;CTX-M-15;Escherichia_coli_acrA;Escherichia_coli_ampC;Escherichia_coli_ampH;Escherichia_coli_emrE;Escherichia_coli_mdfA;H-NS;acrB;acrD;acrE;acrF;acrS;bacA;baeR;baeS;cpxA;emrA;emrB;emrK;emrR;emrY;eptA;evgA;evgS;gadW;gadX;kdpE;marA;mdtA;mdtB;mdtC;mdtE;mdtF;mdtG;mdtH;mdtM;mdtN;mdtO;mdtP;msbA;pmrF;tolC;ugd;yojI,acridine_dye;aminocoumarin;aminoglycoside;benzalkonium_chloride;carbapenem;cephalosporin;cephamycin;fluoroquinolone;fosfomycin;glycylcycline;lincosamide;macrolide;monobactam;nitroimidazole;nucleoside;penam;penem;peptide;phenicol;rhodamine;rifamycin;tetracycline;triclosan
CP184051.1,5006199,50.77,CRP;Escherichia_coli_acrA;Escherichia_coli_ampC;Escherichia_coli_ampH;Escherichia_coli_emrE;Escherichia_coli_mdfA;H-NS;acrB;acrD;acrE;acrF;acrS;bacA;baeR;baeS;cpxA;emrA;emrB;emrK;emrR;emrY;eptA;evgA;evgS;gadW;gadX;kdpE;marA;mdtA;mdtB;mdtC;mdtE;mdtF;mdtG;mdtH;mdtM;mdtN;mdtO;mdtP;msbA;pmrF;tolC;ugd;yojI,acridine_dye;aminocoumarin;aminoglycoside;benzalkonium_chloride;carbapenem;cephalosporin;cephamycin;fluoroquinolone;fosfomycin;glycylcycline;lincosamide;macrolide;monobactam;nitroimidazole;nucleoside;penam;penem;peptide;phenicol;rhodamine;rifamycin;tetracycline;triclosan
CP184058.1,5204486,50.68,CRP;Escherichia_coli_acrA;Escherichia_coli_ampC;Escherichia_coli_ampH;Escherichia_coli_emrE;Escherichia_coli_mdfA;H-NS;acrB;acrD;acrE;acrF;acrS;bacA;baeR;baeS;cpxA;emrA;emrB;emrK;emrR;emrY;eptA;evgA;evgS;gadW;gadX;kdpE;marA;mdtA;mdtB;mdtC;mdtE;mdtF;mdtG;mdtH;mdtM;mdtN;mdtO;mdtP;msbA;pmrF;tolC;ugd;yojI,acridine_dye;aminocoumarin;aminoglycoside;benzalkonium_chloride;carbapenem;cephalosporin;cephamycin;fluoroquinolone;fosfomycin;glycylcycline;lincosamide;macrolide;monobactam;nitroimidazole;nucleoside;penam;penem;peptide;phenicol;rhodamine;rifamycin;tetracycline;triclosan
CP184060.1,5203874,50.68,CRP;Escherichia_coli_acrA;Escherichia_coli_ampC;Escherichia_coli_ampH;Escherichia_coli_emrE;Escherichia_coli_mdfA;H-NS;acrB;acrD;acrE;acrF;acrS;bacA;baeR;baeS;cpxA;emrA;emrB;emrK;emrR;emrY;eptA;evgA;evgS;gadW;gadX;kdpE;marA;mdtA;mdtB;mdtC;mdtE;mdtF;mdtG;mdtH;mdtM;mdtN;mdtO;mdtP;msbA;pmrF;tolC;ugd;yojI,acridine_dye;aminocoumarin;aminoglycoside;benzalkonium_chloride;carbapenem;cephalosporin;cephamycin;fluoroquinolone;fosfomycin;glycylcycline;lincosamide;macrolide;monobactam;nitroimidazole;nucleoside;penam;penem;peptide;phenicol;rhodamine;rifamycin;tetracycline;triclosan
CP184062.1,5083733,50.73,CRP;Escherichia_coli_acrA;Escherichia_coli_ampC;Escherichia_coli_ampH;Escherichia_coli_emrE;Escherichia_coli_mdfA;H-NS;acrB;acrD;acrE;acrF;acrS;bacA;baeR;baeS;cpxA;emrA;emrB;emrK;emrR;emrY;eptA;evgA;evgS;gadW;kdpE;marA;mdtA;mdtB;mdtC;mdtE;mdtF;mdtG;mdtH;mdtM;mdtN;mdtO;mdtP;msbA;pmrF;tolC;ugd;yojI,acridine_dye;aminocoumarin;aminoglycoside;benzalkonium_chloride;carbapenem;cephalosporin;cephamycin;fluoroquinolone;fosfomycin;glycylcycline;lincosamide;macrolide;monobactam;nitroimidazole;nucleoside;penam;penem;peptide;phenicol;rhodamine;rifamycin;tetracycline;triclosan
CP184069.1,4992781,50.8,CRP;Escherichia_coli_acrA;Escherichia_coli_ampC;Escherichia_coli_ampH;Escherichia_coli_emrE;Escherichia_coli_mdfA;H-NS;acrB;acrD;acrE;acrF;acrS;bacA;baeR;baeS;cpxA;emrA;emrB;emrK;emrR;emrY;eptA;evgA;evgS;gadW;gadX;kdpE;marA;mdtA;mdtB;mdtC;mdtE;mdtF;mdtG;mdtH;mdtM;mdtN;mdtO;mdtP;msbA;pmrF;tolC;ugd;yojI,acridine_dye;aminocoumarin;aminoglycoside;benzalkonium_chloride;carbapenem;cephalosporin;cephamycin;fluoroquinolone;fosfomycin;glycylcycline;lincosamide;macrolide;monobactam;nitroimidazole;nucleoside;penam;penem;peptide;phenicol;rhodamine;rifamycin;tetracycline;triclosan
CP184077.1,4864815,50.8,CRP;Escherichia_coli_acrA;Escherichia_coli_ampC;Escherichia_coli_ampH;Escherichia_coli_emrE;Escherichia_coli_mdfA;H-NS;acrB;acrD;acrE;acrF;acrS;bacA;baeR;baeS;cpxA;emrA;emrB;emrK;emrR;emrY;eptA;evgA;evgS;gadW;gadX;kdpE;marA;mdtA;mdtB;mdtC;mdtE;mdtF;mdtG;mdtH;mdtM;mdtN;mdtO;mdtP;msbA;pmrF;tolC;ugd;yojI,acridine_dye;aminocoumarin;aminoglycoside;benzalkonium_chloride;carbapenem;cephalosporin;cephamycin;fluoroquinolone;fosfomycin;glycylcycline;lincosamide;macrolide;monobactam;nitroimidazole;nucleoside;penam;penem;peptide;phenicol;rhodamine;rifamycin;tetracycline;triclosan
CP184080.1,5104956,50.74,CRP;Escherichia_coli_acrA;Escherichia_coli_ampC;Escherichia_coli_ampH;Escherichia_coli_emrE;Escherichia_coli_mdfA;H-NS;acrB;acrD;acrE;acrF;acrS;bacA;baeR;baeS;cpxA;emrA;emrB;emrK;emrR;emrY;eptA;evgA;evgS;gadW;gadX;kdpE;marA;mdtA;mdtB;mdtC;mdtE;mdtF;mdtG;mdtH;mdtM;mdtN;mdtO;mdtP;msbA;pmrF;tolC;ugd;yojI,acridine_dye;aminocoumarin;aminoglycoside;benzalkonium_chloride;carbapenem;cephalosporin;cephamycin;fluoroquinolone;fosfomycin;glycylcycline;lincosamide;macrolide;monobactam;nitroimidazole;nucleoside;penam;penem;peptide;phenicol;rhodamine;rifamycin;tetracycline;triclosan
CP184086.1,4995148,50.78,CRP;Escherichia_coli_acrA;Escherichia_coli_ampC;Escherichia_coli_ampH;Escherichia_coli_emrE;Escherichia_coli_mdfA;H-NS;acrB;acrD;acrE;acrF;acrS;bacA;baeR;baeS;cpxA;emrA;emrB;emrK;emrR;emrY;eptA;evgA;evgS;gadW;gadX;kdpE;marA;mdtA;mdtB;mdtC;mdtE;mdtF;mdtG;mdtH;mdtM;mdtN;mdtO;mdtP;msbA;pmrF;tolC;ugd;yojI,acridine_dye;aminocoumarin;aminoglycoside;benzalkonium_chloride;carbapenem;cephalosporin;cephamycin;fluoroquinolone;fosfomycin;glycylcycline;lincosamide;macrolide;monobactam;nitroimidazole;nucleoside;penam;penem;peptide;phenicol;rhodamine;rifamycin;tetracycline;triclosan
CP184091.1,4998444,50.75,CRP;Escherichia_coli_acrA;Escherichia_coli_ampC;Escherichia_coli_ampH;Escherichia_coli_emrE;Escherichia_coli_mdfA;H-NS;acrB;acrD;acrE;acrF;acrS;bacA;baeR;baeS;cpxA;emrA;emrB;emrK;emrR;emrY;eptA;evgA;evgS;gadW;gadX;kdpE;marA;mdtA;mdtB;mdtC;mdtE;mdtF;mdtG;mdtH;mdtM;mdtN;mdtO;mdtP;msbA;pmrF;tolC;ugd;yojI,acridine_dye;aminocoumarin;aminoglycoside;benzalkonium_chloride;carbapenem;cephalosporin;cephamycin;fluoroquinolone;fosfomycin;glycylcycline;lincosamide;macrolide;monobactam;nitroimidazole;nucleoside;penam;penem;peptide;phenicol;rhodamine;rifamycin;tetracycline;triclosan
CP184097.1,5023567,50.79,APH(3'')-Ib;APH(6)-Id;CRP;CTX-M-27;Escherichia_coli_acrA;Escherichia_coli_ampC;Escherichia_coli_ampH;Escherichia_coli_emrE;Escherichia_coli_mdfA;H-NS;acrB;acrD;acrE;acrF;acrS;bacA;baeR;baeS;cpxA;emrA;emrB;emrK;emrR;emrY;eptA;evgA;evgS;gadW;gadX;kdpE;marA;mdtA;mdtB;mdtC;mdtE;mdtF;mdtG;mdtH;mdtM;mdtN;mdtO;mdtP;mphA;msbA;pmrF;sul1;sul2;tet(A);tolC;ugd;yojI,acridine_dye;aminocoumarin;aminoglycoside;benzalkonium_chloride;carbapenem;cephalosporin;cephamycin;fluoroquinolone;fosfomycin;glycylcycline;lincosamide;macrolide;monobactam;nitroimidazole;nucleoside;penam;penem;peptide;phenicol;rhodamine;rifamycin;sulfonamide;tetracycline;triclosan
CP184102.1,4990088,50.77,CRP;Escherichia_coli_acrA;Escherichia_coli_ampC;Escherichia_coli_ampH;Escherichia_coli_emrE;Escherichia_coli_mdfA;H-NS;acrB;acrD;acrE;acrF;acrS;bacA;baeR;baeS;cpxA;emrA;emrB;emrK;emrR;emrY;eptA;evgA;evgS;gadW;gadX;kdpE;marA;mdtA;mdtB;mdtC;mdtE;mdtF;mdtG;mdtH;mdtM;mdtN;mdtO;mdtP;msbA;pmrF;tolC;ugd;yojI,acridine_dye;aminocoumarin;aminoglycoside;benzalkonium_chloride;carbapenem;cephalosporin;cephamycin;fluoroquinolone;fosfomycin;glycylcycline;lincosamide;macrolide;monobactam;nitroimidazole;nucleoside;penam;penem;peptide;phenicol;rhodamine;rifamycin;tetracycline;triclosan
CP184109.1,5202703,50.68,CRP;Escherichia_coli_acrA;Escherichia_coli_ampC;Escherichia_coli_ampH;Escherichia_coli_emrE;Escherichia_coli_mdfA;H-NS;acrB;acrD;acrE;acrF;acrS;bacA;baeR;baeS;cpxA;emrA;emrB;emrK;emrR;emrY;eptA;evgA;evgS;gadW;gadX;kdpE;marA;mdtA;mdtB;mdtC;mdtE;mdtF;mdtG;mdtH;mdtM;mdtN;mdtO;mdtP;msbA;pmrF;tolC;ugd;yojI,acridine_dye;aminocoumarin;aminoglycoside;benzalkonium_chloride;carbapenem;cephalosporin;cephamycin;fluoroquinolone;fosfomycin;glycylcycline;lincosamide;macrolide;monobactam;nitroimidazole;nucleoside;penam;penem;peptide;phenicol;rhodamine;rifamycin;tetracycline;triclosan
CP184111.1,5202792,50.68,CRP;Escherichia_coli_acrA;Escherichia_coli_ampC;Escherichia_coli_ampH;Escherichia_coli_emrE;Escherichia_coli_mdfA;H-NS;acrB;acrD;acrE;acrF;acrS;bacA;baeR;baeS;cpxA;emrA;emrB;emrK;emrR;emrY;eptA;evgA;evgS;gadW;gadX;kdpE;marA;mdtA;mdtB;mdtC;mdtE;mdtF;mdtG;mdtH;mdtM;mdtN;mdtO;mdtP;msbA;pmrF;tolC;ugd;yojI,acridine_dye;aminocoumarin;aminoglycoside;benzalkonium_chloride;carbapenem;cephalosporin;cephamycin;fluoroquinolone;fosfomycin;glycylcycline;lincosamide;macrolide;monobactam;nitroimidazole;nucleoside;penam;penem;peptide;phenicol;rhodamine;rifamycin;tetracycline;triclosan
CP184114.1,5000592,50.79,CRP;Escherichia_coli_acrA;Escherichia_coli_ampC;Escherichia_coli_ampH;Escherichia_coli_emrE;Escherichia_coli_mdfA;H-NS;acrB;acrD;acrE;acrF;acrS;bacA;baeR;baeS;cpxA;emrA;emrB;emrK;emrR;emrY;eptA;evgA;evgS;gadW;gadX;kdpE;marA;mdtA;mdtB;mdtC;mdtE;mdtF;mdtG;mdtH;mdtM;mdtN;mdtO;mdtP;msbA;pmrF;tolC;ugd;yojI,acridine_dye;aminocoumarin;aminoglycoside;benzalkonium_chloride;carbapenem;cephalosporin;cephamycin;fluoroquinolone;fosfomycin;glycylcycline;lincosamide;macrolide;monobactam;nitroimidazole;nucleoside;penam;penem;peptide;phenicol;rhodamine;rifamycin;tetracycline;triclosan
